year,group,window_start,window_end,denominator_seconds,incident_count,full_hours,full_partial_hours,all_hours,availability_full,availability_full_partial,availability_all
2024,Overall,2024-02-01T00:00:00Z,2025-01-01T00:00:00Z,28944000,21,25.202222222222222,31.17972222222222,33.02861111111111,0.9968653952459923,0.9961219250967386,0.9958919637921504
2024,API,2024-02-01T00:00:00Z,2025-01-01T00:00:00Z,28944000,21,25.202222222222222,31.17972222222222,33.02861111111111,0.9968653952459923,0.9961219250967386,0.9958919637921504
2024,Chat,2024-02-01T00:00:00Z,2025-01-01T00:00:00Z,28944000,20,25.202222222222222,30.621944444444445,32.04944444444445,0.9968653952459923,0.9961913004422333,0.9960137506909895
2025,Overall,2025-01-01T00:00:00Z,2026-01-01T00:00:00Z,31536000,27,56.1625,217.2463888888889,726.4197222222223,0.9935887557077625,0.9752001839167935,0.9170753741755454
2025,API,2025-01-01T00:00:00Z,2026-01-01T00:00:00Z,31536000,24,54.13055555555555,196.8636111111111,722.32,0.9938207128361238,0.9775269850329782,0.9175433789954338
2025,Chat,2025-01-01T00:00:00Z,2026-01-01T00:00:00Z,31536000,27,7.633055555555556,56.72611111111111,723.0877777777778,0.9991286466260781,0.9935244165398275,0.9174557331303906
2026,Overall,2026-01-01T00:00:00Z,2026-09-27T19:36:20Z,23312180,55,11.761111111111111,27.20888888888889,45.02916666666667,0.998183782040118,0.9957982479545028,0.9930463388666354
2026,API,2026-01-01T00:00:00Z,2026-09-27T19:36:20Z,23312180,41,1.7097222222222221,10.766944444444444,18.270833333333332,0.9997359749281277,0.9983373069356877,0.9971785135495693
2026,Chat,2026-01-01T00:00:00Z,2026-09-27T19:36:20Z,23312180,35,10.641388888888889,20.984166666666667,36.07111111111111,0.9983566959417781,0.9967595051170676,0.9944296929759465
2026,Upload,2026-07-22T10:19:38Z,2026-09-27T19:36:20Z,5822202,0,0.0,0.0,0.0,1.0,1.0,1.0
2026,Search,2026-07-22T10:19:38Z,2026-09-27T19:36:20Z,5822202,3,0.06583333333333333,1.4480555555555557,1.4480555555555557,0.9999592937517455,0.9991046342947222,0.9991046342947222
